fips,name,votes,absentee_votes,reporting,precincts,absentee_method,eevp,tot_exp_vote,eevp_value,eevp_display,eevp_source,turnout_stage,absentee_count_progress,absentee_outstanding,absentee_max_ballots,provisional_outstanding,provisional_count_progress,results_loefflerk,results_warnockr,results_collinsd,results_taylork,results_jacksond,results_graysond,results_jamesj,results_liebermanm,results_johnsonw,results_johnson_shealeyt,results_jacksona,results_sladej,results_winfieldr,results_slowinskib,results_buckleya,results_bartella,results_fortuinj,results_greenem,results_tarvere,results_stovallv,results_write_ins,results_absentee_loefflerk,results_absentee_warnockr,results_absentee_collinsd,results_absentee_taylork,results_absentee_jacksond,results_absentee_graysond,results_absentee_jamesj,results_absentee_liebermanm,results_absentee_johnsonw,results_absentee_johnson_shealeyt,results_absentee_jacksona,results_absentee_sladej,results_absentee_winfieldr,results_absentee_slowinskib,results_absentee_buckleya,results_absentee_bartella,results_absentee_fortuinj,results_absentee_greenem,results_absentee_tarvere,results_absentee_stovallv,results_absentee_write_ins,last_updated,leader_margin_value,leader_margin_display,leader_margin_name_display,leader_party_id,state,retrieved_time,results_kellym,results_mcsallym,results_absentee_kellym,results_absentee_mcsallym
13001,Appling,8159,6115,9,9,None,98,8341,98%,98% reported,edison,10,unknown,,4621,,,1807,1051,2355,2030,306,89,88,85,64,54,51,41,25,23,21,19,17,15,11,7,,1309,877,1808,1433,248,70,64,65,42,40,32,34,16,17,16,11,9,9,11,4,,2020-11-24T13:26:41Z,3.98333,R+4,Collins +4,republican,georgia,2020-12-04T11:16:25.138358Z,,,,
13003,Atkinson,2995,2074,4,4,None,95,3155,95%,95% reported,edison,10,unknown,,2338,,,946,406,1038,63,149,55,42,56,36,53,38,15,23,10,22,15,5,9,8,6,0,671,295,711,42,108,39,27,34,23,39,19,7,16,3,11,9,2,6,7,5,0,2020-11-24T13:26:41Z,3.07179,R+3,Collins +3,republican,georgia,2020-12-04T11:16:25.138358Z,,,,
13005,Bacon,4512,3964,1,1,"As a precinct in the FIRST cumulative report, along with regular precincts",97,4668,97%,97% reported,edison,10,some,,3600,,,1547,315,1646,462,105,93,39,49,86,35,46,12,15,12,13,8,10,9,7,3,,1405,258,1488,397,77,82,30,39,68,22,41,9,10,8,8,4,5,5,5,3,,2020-11-24T13:26:41Z,2.19415,R+2,Collins +2,republican,georgia,2020-12-04T11:16:25.138358Z,,,,
13007,Baker,1514,1080,5,5,"Released as first report, then NOT included in cumulative results",97,1555,97%,97% reported,edison,10,unknown,,1091,,,413,457,388,8,89,14,21,19,17,33,10,9,13,4,4,7,3,1,4,0,,261,365,277,6,61,9,17,13,12,24,6,7,9,1,3,5,2,1,1,0,,2020-11-24T13:26:41Z,2.90621,D+3,Warnock +3,democrat,georgia,2020-12-04T11:16:25.138358Z,,,,
13009,Baldwin,17942,14527,12,14,Other,98,18251,98%,98% reported,edison,10,all,,14066,,,4639,6167,3521,92,1198,162,322,444,184,364,121,154,132,112,72,57,45,63,53,40,,3690,5216,2856,69,965,112,252,350,121,282,78,113,101,75,51,43,32,47,47,27,,2020-11-24T13:26:42Z,8.51633,D+9,Warnock +9,democrat,georgia,2020-12-04T11:16:25.138358Z,,,,
13011,Banks,8679,6898,13,13,None,99,8801,>98%,>98% reported,edison,10,unknown,,3683,,,2605,604,4710,61,110,114,33,75,66,36,77,12,17,53,27,20,18,14,12,15,,2058,519,3784,31,82,80,23,61,45,26,58,9,13,29,18,14,13,11,11,13,,2020-11-24T13:26:42Z,24.25395,R+24,Collins +24,republican,georgia,2020-12-04T11:16:25.138358Z,,,,
13013,Barrow,37190,29534,8,8,None,98,38017,98%,98% reported,edison,10,unknown,,20877,,,14483,6025,9671,424,1752,601,428,756,385,597,498,259,133,439,169,124,112,123,102,109,0,11375,5140,7729,308,1411,432,339,588,270,483,356,186,109,283,123,78,83,81,84,76,0,2020-11-24T13:26:42Z,12.93896,R+13,Loeffler +13,republican,georgia,2020-12-04T11:16:25.138358Z,,,,
13015,Bartow,49619,37220,17,17,None,98,50467,98%,98% reported,edison,10,unknown,,25757,,,21183,7655,12891,640,1571,820,471,1025,439,576,588,268,175,471,204,138,160,148,86,110,,15653,6360,9622,431,1219,544,367,777,266,442,380,184,121,284,141,82,110,95,71,71,,2020-11-24T13:26:42Z,16.71134,R+17,Loeffler +17,republican,georgia,2020-12-04T11:16:25.138358Z,,,,
13017,Ben Hill,6444,5665,3,3,Other,98,6560,98%,98% reported,edison,10,unknown,,5778,,,1780,1308,1880,106,436,95,121,146,71,171,76,51,53,23,29,27,18,24,18,11,,1616,1165,1693,93,353,71,98,125,55,136,62,42,47,17,18,21,11,16,17,9,,2020-11-24T13:26:42Z,1.55183,R+1.6,Collins +1.6,republican,georgia,2020-12-04T11:16:25.138358Z,,,,
13019,Berrien,7565,5420,5,5,Released as a separate subtotal as first report of the night,98,7743,98%,98% reported,edison,10,unknown,,4416,,,3318,701,2481,139,208,141,54,102,103,62,57,29,22,26,24,27,21,26,13,11,,2379,514,1796,82,156,93,38,74,70,49,41,16,16,16,17,15,14,16,11,7,,2020-11-24T13:26:42Z,11.06411,R+11,Loeffler +11,republican,georgia,2020-12-04T11:16:25.138358Z,,,,
13021,Bibb,69940,52993,31,31,Released as a separate subtotal in the middle of the tabulation,99,70802,>98%,>98% reported,edison,10,unknown,,38674,,,14584,30896,10194,284,4902,420,1952,1582,416,1413,434,622,742,345,206,182,158,152,329,127,,10196,25257,7430,168,3587,243,1424,1161,267,1055,272,410,504,203,147,130,104,87,266,82,,2020-11-24T13:26:42Z,23.32285,D+23,Warnock +23,democrat,georgia,2020-12-04T11:16:25.138358Z,,,,
13023,Bleckley,5613,4374,1,1,Merged into voters' home precincts and released with cumulative results,98,5706,98%,98% reported,edison,10,unknown,,4032,,,2133,876,1927,46,180,70,59,70,47,29,34,15,26,29,20,15,8,13,10,6,,1638,686,1564,35,131,46,42,52,31,23,25,10,22,18,14,12,5,8,9,3,,2020-11-24T13:26:42Z,3.67005,R+4,Loeffler +4,republican,georgia,2020-12-04T11:16:25.138358Z,,,,
13025,Brantley,7388,5340,3,3,"As a precinct in the FIRST cumulative report, along with regular precincts",95,7746,95%,95% reported,edison,10,unknown,,3280,,,2410,236,3128,304,163,289,37,131,227,36,188,19,13,47,49,34,21,25,17,14,,1769,187,2302,195,123,186,27,99,145,26,128,13,12,30,30,23,11,12,15,7,,2020-11-24T13:26:42Z,9.71846,R+10,Collins +10,republican,georgia,2020-12-04T11:16:25.138358Z,,,,
13027,Brooks,6835,4933,6,7,Released as a precinct as first report of the night,96,7100,96%,96% reported,edison,10,all,,5648,,,1953,1024,1750,104,684,153,194,259,71,211,85,76,42,31,28,27,18,20,92,13,,1290,897,1200,67,519,97,149,204,48,156,54,61,34,18,17,17,11,11,72,11,,2020-11-24T13:26:42Z,2.97001,R+3,Loeffler +3,republican,georgia,2020-12-04T11:16:25.138358Z,,,,
13029,Bryan,20884,17444,10,10,Released as a precinct in the middle of the night,98,21340,98%,98% reported,edison,10,unknown,,11968,,,7950,3941,4775,268,972,338,268,528,291,377,299,129,70,233,105,91,68,64,57,60,,6615,3498,3969,204,812,257,236,447,197,312,232,98,62,166,75,69,51,45,53,46,,2020-11-24T13:26:43Z,15.20303,R+15,Loeffler +15,republican,georgia,2020-12-04T11:16:25.138358Z,,,,
13031,Bulloch,29558,20417,16,16,Other,98,30084,98%,98% reported,edison,10,unknown,,19275,,,8944,6665,7854,363,1756,369,529,656,309,566,307,223,129,247,180,91,109,87,102,72,,5776,5341,5181,205,1333,207,380,491,147,394,155,154,94,135,111,55,72,51,88,47,,2020-11-24T13:26:43Z,3.68766,R+4,Loeffler +4,republican,georgia,2020-12-04T11:16:25.138358Z,,,,
13033,Burke,10465,7073,16,16,None,98,10684,98%,98% reported,edison,10,unknown,,6829,,,3018,3158,1916,68,782,91,225,221,100,173,71,95,54,48,33,18,19,14,344,17,,1937,2310,1282,36,499,50,151,135,46,113,39,54,34,27,20,12,13,7,294,14,,2020-11-24T13:26:43Z,1.33779,D+1.3,Warnock +1.3,democrat,georgia,2020-12-04T11:16:25.138358Z,,,,
13035,Butts,11619,10421,1,1,Released as a precinct as first report of the night,99,11789,>98%,>98% reported,edison,10,unknown,,10779,,,4541,2207,3191,94,437,127,135,187,124,156,110,54,34,60,36,23,26,26,18,23,10,4143,1991,2890,84,371,101,109,152,98,140,84,43,30,48,30,17,22,20,17,21,10,2020-11-24T13:26:43Z,11.6189,R+12,Loeffler +12,republican,georgia,2020-12-04T11:16:25.138358Z,,,,
13037,Calhoun,2156,1517,5,5,Merged into voters' home precincts and released with cumulative results,98,2194,98%,98% reported,edison,10,unknown,,1318,,,510,819,359,6,179,21,42,57,9,55,7,28,24,4,7,9,6,6,5,3,,361,599,253,3,119,14,29,41,4,40,3,16,16,1,3,7,3,0,4,1,,2020-11-24T13:26:43Z,14.3321,D+14,Warnock +14,democrat,georgia,2020-12-04T11:16:25.138358Z,,,,
13039,Camden,22917,18163,14,14,"As a precinct in the FIRST cumulative report, along with regular precincts",97,23688,97%,97% reported,edison,10,unknown,,14382,,,6631,2967,5913,420,1781,869,523,875,412,550,503,296,124,333,169,125,97,116,109,104,,5194,2623,4601,311,1528,639,413,732,295,428,349,231,105,212,114,82,63,79,88,76,,2020-11-24T13:26:43Z,3.13305,R+3,Loeffler +3,republican,georgia,2020-12-04T11:16:25.138358Z,,,,
13043,Candler,4322,2239,1,1,Other,98,4432,98%,98% reported,edison,10,unknown,,3010,,,1555,778,1251,60,197,70,57,87,56,49,38,26,11,22,16,11,9,14,12,3,0,768,461,643,25,105,30,29,56,18,25,18,13,5,4,9,5,6,11,7,1,0,2020-11-24T13:26:43Z,7.03378,R+7,Loeffler +7,republican,georgia,2020-12-04T11:16:25.138358Z,,,,
13045,Carroll,53687,39510,28,28,None,99,54474,>98%,>98% reported,edison,10,unknown,,31790,,,20167,10688,14221,567,2101,649,660,1022,482,752,555,319,220,440,182,134,152,164,96,116,,14350,8844,10160,366,1636,402,523,789,291,575,361,233,154,255,124,84,101,108,75,79,,2020-11-24T13:26:43Z,11.07531,R+11,Loeffler +11,republican,georgia,2020-12-04T11:16:25.138358Z,,,,
13047,Catoosa,31735,25593,11,11,None,97,32692,97%,97% reported,edison,10,unknown,,21358,,,13577,2415,8238,599,1408,831,336,1138,570,354,735,210,135,354,123,104,118,213,170,86,21,10952,2122,6661,433,1191,619,279,970,417,286,549,154,112,213,89,74,84,156,151,60,21,2020-11-24T13:26:44Z,16.8237,R+17,Loeffler +17,republican,georgia,2020-12-04T11:16:25.138358Z,,,,
13049,Charlton,4323,3031,8,8,Merged into voters' home precincts and released with cumulative results,95,4566,95%,95% reported,edison,10,unknown,,2992,,,1095,334,1621,100,344,181,65,99,134,78,89,33,21,34,26,19,9,21,12,8,,749,287,1124,62,275,115,47,76,80,49,50,19,17,21,18,14,5,11,8,4,,2020-11-24T13:26:44Z,12.16748,R+12,Collins +12,republican,georgia,2020-12-04T11:16:25.138358Z,,,,
13051,Chatham,131423,94664,92,92,Released as a precinct as first report of the night,99,133420,>98%,>98% reported,edison,10,all,,63578,,,30435,54637,18455,842,9097,1108,2370,3900,759,3283,1111,1257,600,984,499,405,482,343,524,332,0,19968,43212,12859,487,6357,635,1649,2803,390,2259,612,782,436,522,309,246,318,186,427,207,0,2020-11-24T13:26:44Z,18.41535,D+18,Warnock +18,democrat,georgia,2020-12-04T11:16:25.138358Z,,,,
13053,Chattahoochee,1534,1087,1,1,None,96,1590,96%,96% reported,edison,10,all,,126,,,388,410,372,20,106,26,36,37,15,26,19,11,7,20,7,11,3,2,7,11,,258,306,255,16,87,14,30,24,8,23,13,8,5,10,5,9,2,1,5,8,,2020-11-24T13:26:44Z,1.43416,D+1.4,Warnock +1.4,democrat,georgia,2020-12-04T11:16:25.138358Z,,,,
13055,Chattooga,9703,6933,13,13,Released with cumulative results periodically election night,97,10050,97%,97% reported,edison,10,unknown,,5234,,,3858,1129,2883,259,250,231,95,227,161,73,140,47,35,70,47,41,31,85,18,23,,2709,911,2048,187,189,152,68,171,97,43,88,34,30,38,29,30,25,54,16,14,,2020-11-24T13:26:44Z,10.04844,R+10,Loeffler +10,republican,georgia,2020-12-04T11:16:25.138358Z,,,,
13057,Cherokee,142240,111645,42,42,Released as a separate subtotal as first report of the night,98,144830,98%,98% reported,edison,10,unknown,,90723,,,57372,27461,34874,1275,5065,1703,1138,3638,1125,1380,1732,779,472,1713,587,398,481,375,333,339,,43637,23686,27557,890,4195,1190,883,2879,761,1044,1184,587,379,1014,394,261,360,236,282,226,,2020-11-24T13:26:44Z,15.81693,R+16,Loeffler +16,republican,georgia,2020-12-04T11:16:25.138358Z,,,,
13059,Clarke,50714,41792,24,24,None,99,51218,>98%,>98% reported,edison,10,unknown,,31528,,,8050,24636,5807,206,4254,309,1018,1603,186,1394,284,479,949,446,169,131,300,112,235,146,,6203,21692,4592,133,3330,221,757,1261,117,1044,183,344,837,277,111,92,227,63,202,106,,2020-11-24T13:26:44Z,32.70497,D+33,Warnock +33,democrat,georgia,2020-12-04T11:16:25.138358Z,,,,
13061,Clay,1409,1115,5,5,Merged into voters' home precincts and released with cumulative results,98,1434,98%,98% reported,edison,10,all,,907,,,305,474,259,13,142,18,31,29,16,33,16,22,11,6,6,3,5,10,8,2,,247,393,213,9,103,13,24,18,8,23,13,14,8,3,6,2,3,8,5,2,,2020-11-24T13:26:44Z,11.99432,D+12,Warnock +12,democrat,georgia,2020-12-04T11:16:25.138358Z,,,,
13063,Clayton,111262,90591,65,65,None,99,112344,>98%,>98% reported,edison,10,unknown,,91435,,,7087,65681,5361,320,13738,557,4397,2846,351,4295,548,1935,1109,327,316,332,257,242,438,1125,,5771,55894,4429,213,10332,403,3335,2087,244,3156,368,1361,805,200,231,216,191,145,348,862,,2020-11-24T13:26:44Z,46.6853,D+47,Warnock +47,democrat,georgia,2020-12-04T11:16:25.138358Z,,,,
13065,Clinch,2700,1901,5,5,"As a precinct in the FIRST cumulative report, along with regular precincts",94,2864,94%,94% reported,edison,10,unknown,,1870,,,1066,239,742,38,218,72,36,40,43,69,37,17,18,11,14,11,5,6,12,6,,768,172,526,21,152,45,25,29,29,52,25,8,13,7,8,7,4,3,5,2,,2020-11-24T13:26:45Z,12,R+12,Loeffler +12,republican,georgia,2020-12-04T11:16:25.138358Z,,,,
13067,Cobb,388963,319042,145,145,Merged into voters' home precincts and released with cumulative results,99,393744,>98%,>98% reported,edison,10,unknown,,202586,,,98534,146081,57863,2266,27799,2922,8510,12917,1894,8518,3336,4179,2215,3692,1569,1193,1579,1065,1626,1205,,76346,129533,46370,1556,22296,2059,6735,10476,1258,6688,2356,3107,1795,2347,1138,864,1172,716,1396,834,,2020-11-24T13:26:45Z,12.22404,D+12,Warnock +12,democrat,georgia,2020-12-04T11:16:25.138358Z,,,,
13069,Coffee,14722,11122,5,6,Other,97,15214,97%,97% reported,edison,10,all,,13390,,,4324,2455,4853,427,821,239,234,307,180,300,125,87,63,51,62,47,29,42,50,26,,3285,1864,3751,327,630,154,176,231,119,203,84,50,43,33,37,31,22,30,35,17,,2020-11-24T13:26:45Z,3.59326,R+4,Collins +4,republican,georgia,2020-12-04T11:16:25.138358Z,,,,
13071,Colquitt,15782,10439,19,19,None,98,16083,98%,98% reported,edison,10,unknown,,9626,,,6562,2531,4336,156,655,215,162,260,137,228,134,62,62,75,42,44,30,36,38,17,,4179,1802,2827,98,489,127,132,188,86,173,83,42,50,38,22,24,13,30,26,10,,2020-11-24T13:26:45Z,14.10468,R+14,Loeffler +14,republican,georgia,2020-12-04T11:16:25.138358Z,,,,
13073,Columbia,79405,60847,47,47,Merged into voters' home precincts and released with cumulative results,99,80579,>98%,>98% reported,edison,10,unknown,,44339,,,28606,16245,18299,685,4100,909,1213,2054,673,1238,866,564,386,748,303,274,256,235,1545,206,,20854,13703,14008,458,3367,592,975,1594,423,953,566,422,295,449,201,186,174,141,1342,144,,2020-11-24T13:26:45Z,12.98029,R+13,Loeffler +13,republican,georgia,2020-12-04T11:16:25.138358Z,,,,
13075,Cook,6914,5264,8,8,Released as a separate subtotal as first report of the night,98,7035,98%,98% reported,edison,10,unknown,,5070,,,2703,1085,1762,125,400,103,106,145,60,106,68,50,23,39,32,19,13,18,45,12,,2086,810,1385,96,286,72,78,102,44,70,52,34,20,23,24,16,10,12,35,9,,2020-11-24T13:26:45Z,13.61007,R+14,Loeffler +14,republican,georgia,2020-12-04T11:16:25.138358Z,,,,
13077,Coweta,75642,51868,26,26,None,98,76799,98%,98% reported,edison,10,unknown,,37867,,,28927,16593,18824,636,2732,941,737,1526,589,873,795,411,286,686,232,197,213,145,146,153,,18715,13102,12586,361,2022,518,530,1130,320,634,466,263,189,332,147,120,145,78,119,91,,2020-11-24T13:26:45Z,13.35634,R+13,Loeffler +13,republican,georgia,2020-12-04T11:16:25.138358Z,,,,
13079,Crawford,5998,4588,6,6,Released as a separate subtotal as first report of the night,98,6102,98%,98% reported,edison,10,unknown,,4342,,,2281,1172,1771,55,179,77,55,87,64,53,30,28,30,29,36,17,9,10,10,5,,1686,987,1340,38,152,54,39,66,41,46,22,20,24,15,24,11,5,5,9,4,,2020-11-24T13:26:45Z,8.50283,R+9,Loeffler +9,republican,georgia,2020-12-04T11:16:25.138358Z,,,,
13081,Crisp,7885,6346,4,5,None,98,8052,98%,98% reported,edison,10,all,,6558,,,2330,1738,2316,88,569,89,118,132,45,149,56,73,48,27,17,34,11,13,22,10,,1865,1449,1919,58,428,62,92,107,33,114,41,47,40,18,14,24,7,4,16,8,,2020-11-24T13:26:45Z,0.17755,R+0.18,Loeffler +0.18,republican,georgia,2020-12-04T11:16:25.138358Z,,,,
13083,Dade,7157,4945,6,7,Merged into voters' home precincts and released with cumulative results,96,7434,96%,96% reported,edison,10,all,,4573,,,3088,461,2063,134,238,204,48,218,126,77,158,41,29,72,42,32,29,54,25,18,,2098,376,1423,86,192,128,32,160,74,63,91,32,22,44,21,23,17,32,22,9,,2020-11-24T13:26:46Z,14.32164,R+14,Loeffler +14,republican,georgia,2020-12-04T11:16:25.138358Z,,,,
13085,Dawson,15853,13249,3,3,Released as a separate subtotal as first report of the night,99,16081,>98%,>98% reported,edison,10,unknown,,10581,,,5260,1506,7345,154,260,191,80,266,168,78,163,50,27,126,38,30,20,33,27,31,,4316,1385,6195,115,230,140,69,222,126,67,110,33,26,88,22,24,13,20,24,24,,2020-11-24T13:26:46Z,13.15208,R+13,Collins +13,republican,georgia,2020-12-04T11:16:25.138358Z,,,,
13089,DeKalb,367133,319201,191,191,Released with cumulative results periodically election night,99,370675,>98%,>98% reported,edison,10,unknown,,261315,,,34426,226498,20248,917,32941,1361,9516,12148,985,10349,1638,4461,2641,2090,1163,992,1283,790,1597,1089,,27633,205300,16528,679,27032,1020,7577,10304,717,8478,1223,3487,2147,1519,920,773,1045,563,1397,859,,2020-11-24T13:26:46Z,52.31674,D+52,Warnock +52,democrat,georgia,2020-12-04T11:16:25.138358Z,,,,
13087,Decatur,11319,9077,9,9,Merged into voters' home precincts and released with cumulative results,97,11627,97%,97% reported,edison,10,unknown,,9618,,,2980,1738,2991,143,1429,206,297,391,116,357,126,124,74,54,63,56,25,47,79,23,,2366,1506,2359,103,1156,145,242,334,82,281,98,90,62,36,53,37,18,29,65,15,,2020-11-24T13:26:46Z,0.09718,R+0.10,Collins +0.10,republican,georgia,2020-12-04T11:16:25.138358Z,,,,
13091,Dodge,7890,5021,14,16,Released as a precinct as first report of the night,98,8070,98%,98% reported,edison,10,all,,5826,,,2897,1421,2467,85,319,103,65,75,80,88,74,43,29,31,17,33,20,20,15,8,,1698,1058,1556,40,239,59,41,45,44,68,47,25,18,15,12,19,11,9,11,6,,2020-11-24T13:26:46Z,5.44994,R+5,Loeffler +5,republican,georgia,2020-12-04T11:16:25.138358Z,,,,
13093,Dooly,4005,3071,5,5,Released as a precinct as first report of the night,98,4105,98%,98% reported,edison,10,unknown,,3453,,,1041,1188,968,25,325,29,79,77,32,75,27,28,48,17,11,9,3,5,14,4,,811,917,777,14,229,20,57,55,20,51,20,20,33,14,8,5,3,3,13,1,,2020-11-24T13:26:46Z,3.67041,D+4,Warnock +4,democrat,georgia,2020-12-04T11:16:25.138358Z,,,,
13095,Dougherty,34876,23170,28,28,None,99,35311,>98%,>98% reported,edison,10,unknown,,27832,,,5620,17214,4129,133,3021,186,830,853,129,1186,196,344,356,109,94,101,73,84,161,57,0,3385,12469,2556,60,1847,87,526,510,47,770,91,179,233,46,65,74,39,40,116,30,0,2020-11-24T13:26:46Z,33.24349,D+33,Warnock +33,democrat,georgia,2020-12-04T11:16:25.138358Z,,,,
13097,Douglas,68441,57429,25,25,Merged into voters' home precincts and released with cumulative results,99,69097,>98%,>98% reported,edison,10,unknown,,54542,,,14011,29454,9146,325,5804,530,2143,1626,300,1946,448,710,466,375,200,207,175,159,223,193,,11560,26124,7547,220,4654,374,1698,1249,199,1533,319,514,374,227,141,147,138,103,176,132,,2020-11-24T13:26:46Z,22.56396,D+23,Warnock +23,democrat,georgia,2020-12-04T11:16:25.138358Z,,,,
13099,Early,4969,3576,4,5,Other,96,5187,96%,96% reported,edison,10,all,,3645,,,1133,1005,1314,55,603,50,126,155,46,135,51,83,38,23,22,33,19,37,19,22,,808,777,951,36,414,28,94,119,25,100,32,53,29,14,13,24,9,25,16,9,,2020-11-24T13:26:46Z,3.64258,R+4,Collins +4,republican,georgia,2020-12-04T11:16:25.138358Z,,,,
13101,Echols,1381,1139,1,1,None,96,1441,96%,96% reported,edison,10,unknown,,886,,,558,36,508,24,43,49,10,25,33,21,18,9,2,4,11,13,4,2,6,5,,464,33,421,19,36,39,4,22,30,13,15,6,1,3,8,12,3,2,4,4,,2020-11-24T13:26:46Z,3.62056,R+4,Loeffler +4,republican,georgia,2020-12-04T11:16:25.138358Z,,,,
13103,Effingham,30974,21812,17,17,Merged into voters' home precincts and released with cumulative results,98,31624,98%,98% reported,edison,10,unknown,,15051,,,12742,4943,8019,439,1031,634,262,566,437,376,429,158,74,324,144,123,71,78,52,72,,8727,3845,5747,273,778,390,185,408,275,274,256,116,56,168,78,73,41,39,42,41,,2020-11-24T13:26:47Z,15.24827,R+15,Loeffler +15,republican,georgia,2020-12-04T11:16:25.138358Z,,,,
13105,Elbert,8981,6649,11,11,None,98,9171,98%,98% reported,edison,10,unknown,,7709,,,1526,1237,4223,74,585,136,223,279,118,182,93,78,57,33,26,22,19,22,30,18,,1055,1048,3054,51,464,86,169,225,76,137,58,64,47,16,19,16,14,9,26,15,,2020-11-24T13:26:47Z,30.03006,R+30,Collins +30,republican,georgia,2020-12-04T11:16:25.138358Z,,,,
13107,Emanuel,9191,5889,11,11,Released as a precinct as first report of the night,97,9501,97%,97% reported,edison,10,unknown,,5450,,,3061,1692,2776,88,503,171,143,148,96,117,92,47,33,27,71,20,13,12,70,11,0,1909,1230,1713,47,330,103,95,99,43,73,57,27,24,15,40,10,9,8,54,3,0,2020-11-24T13:26:48Z,3.10086,R+3,Loeffler +3,republican,georgia,2020-12-04T11:16:25.138358Z,,,,
13109,Evans,4147,3450,1,1,Released as a precinct as first report of the night,98,4247,98%,98% reported,edison,10,unknown,,3528,,,1503,791,1099,51,184,70,57,77,53,57,52,41,22,16,21,9,10,10,19,5,,1280,670,932,35,143,56,45,62,38,45,34,21,18,12,16,9,9,6,16,3,,2020-11-24T13:26:48Z,9.74198,R+10,Loeffler +10,republican,georgia,2020-12-04T11:16:25.138358Z,,,,
13111,Fannin,14571,10047,12,12,Released as a precinct at the end of tabulation,98,14850,98%,98% reported,edison,10,unknown,,7570,,,3877,1694,7542,94,263,190,32,270,122,51,109,42,39,66,49,27,26,32,23,23,,2590,1446,4999,51,212,107,26,228,65,39,57,31,34,45,33,19,15,16,21,13,,2020-11-24T13:26:48Z,25.1527,R+25,Collins +25,republican,georgia,2020-12-04T11:16:25.138358Z,,,,
13113,Fayette,70942,60952,36,36,Other,99,71993,>98%,>98% reported,edison,10,unknown,,60498,,,21759,22840,13916,428,3658,594,1010,1932,399,1061,624,579,332,567,227,229,231,154,198,204,,18068,20734,11855,334,3192,492,839,1634,309,897,468,458,283,406,181,171,166,119,176,170,,2020-11-24T13:26:49Z,1.52378,D+1.5,Warnock +1.5,democrat,georgia,2020-12-04T11:16:25.138358Z,,,,
13115,Floyd,40930,30704,25,25,None,100,38588,>98%,>98% reported,edison,10,unknown,,25280,,,15417,8151,11097,500,1295,497,386,937,354,457,491,188,138,330,149,122,133,131,68,89,,11308,6730,8248,335,984,335,291,703,222,326,327,138,104,200,101,75,87,77,48,65,,2020-11-24T13:26:49Z,10.55461,R+11,Loeffler +11,republican,georgia,2020-12-04T11:16:25.138358Z,,,,
13117,Forsyth,127000,113790,20,20,Released as a separate subtotal in the middle of the tabulation,98,129305,98%,98% reported,edison,10,unknown,,77750,,,44383,23895,35067,978,6256,1700,1106,4335,1064,1611,1536,762,536,1315,505,360,490,427,371,303,,39526,22343,31550,783,5633,1376,962,3912,861,1393,1270,654,484,1010,413,289,401,336,348,246,,2020-11-24T13:26:49Z,7.33543,R+7,Loeffler +7,republican,georgia,2020-12-04T11:16:25.138358Z,,,,
13119,Franklin,10589,7971,7,7,Released as a separate subtotal as first report of the night,98,10786,98%,98% reported,edison,10,unknown,,4626,,,2258,613,6158,100,303,188,93,220,146,89,122,42,27,63,32,30,21,33,31,17,3,1645,502,4723,59,236,123,62,170,95,68,88,25,20,35,21,22,18,24,22,10,3,2020-11-24T13:26:49Z,36.83067,R+37,Collins +37,republican,georgia,2020-12-04T11:16:25.138358Z,,,,
13121,Fulton,517607,455801,384,384,Released as a precinct as first report of the night,99,524659,>98%,>98% reported,edison,10,unknown,,262589,,,83536,263365,48437,1906,41203,2590,13041,20109,1855,13871,3325,6744,3429,3423,1916,1484,1945,1292,2391,1745,,72206,240064,42245,1461,34301,2023,10618,17628,1421,11516,2596,5499,2846,2650,1544,1177,1560,969,2111,1366,,2020-11-24T13:26:49Z,34.74238,D+35,Warnock +35,democrat,georgia,2020-12-04T11:16:25.138358Z,,,,
13123,Gilmer,16201,11420,13,13,Released as a precinct as first report of the night,98,16525,98%,98% reported,edison,10,some,,8613,,,4908,1897,7711,93,319,192,49,272,165,84,126,53,36,105,47,35,43,24,21,21,,3261,1640,5338,53,256,115,37,221,95,61,84,44,29,58,30,24,30,16,16,12,,2020-11-24T13:26:49Z,17.3014,R+17,Collins +17,republican,georgia,2020-12-04T11:16:25.138358Z,,,,
13125,Glascock,1500,1073,3,4,None,96,1566,96%,96% reported,edison,10,unknown,,920,,,819,84,436,10,25,22,10,17,22,5,20,1,1,7,3,0,2,2,13,1,,589,65,313,6,20,12,7,11,12,2,14,0,0,5,2,0,0,2,13,0,,2020-11-24T13:26:49Z,25.53333,R+26,Loeffler +26,republican,georgia,2020-12-04T11:16:25.138358Z,,,,
13127,Glynn,40767,33932,20,20,Released as a precinct as first report of the night,97,41984,97%,97% reported,edison,10,unknown,,28819,,,11810,7272,10293,635,3171,740,743,1430,982,949,634,524,207,285,263,195,141,156,207,130,,9706,6485,8607,487,2645,561,590,1246,739,777,472,403,176,199,208,144,105,103,182,97,,2020-11-24T13:26:49Z,3.72115,R+4,Loeffler +4,republican,georgia,2020-12-04T11:16:25.138358Z,,,,
13129,Gordon,23470,15575,12,12,Other,98,24033,98%,98% reported,edison,10,some,,12109,,,9539,2619,7586,340,646,515,140,447,318,197,361,93,68,167,109,76,69,101,46,33,,6164,2034,5007,202,475,290,98,322,166,124,210,59,50,86,72,52,50,58,31,25,,2020-11-24T13:26:49Z,8.32126,R+8,Loeffler +8,republican,georgia,2020-12-04T11:16:25.138358Z,,,,
13131,Grady,10406,7791,11,13,Released as a precinct as first report of the night,97,10707,97%,97% reported,edison,10,all,,7808,,,2719,1406,3475,145,890,227,241,294,130,316,145,103,70,44,42,47,22,35,39,16,,1922,1185,2522,106,726,155,203,228,97,240,99,77,56,21,27,36,18,26,36,11,,2020-11-24T13:26:49Z,7.26504,R+7,Collins +7,republican,georgia,2020-12-04T11:16:25.138358Z,,,,
13133,Greene,11123,9681,5,5,Released as a precinct as first report of the night,99,11247,>98%,>98% reported,edison,10,all,,8130,,,3349,2572,3608,40,872,74,67,173,36,80,49,34,38,40,18,12,15,16,14,16,,2937,2264,3241,30,659,57,56,145,24,68,42,31,33,27,15,9,10,13,12,8,,2020-11-24T13:26:50Z,2.32851,R+2,Collins +2,republican,georgia,2020-12-04T11:16:25.138358Z,,,,
13135,Gwinnett,402715,330274,156,156,Released with cumulative results periodically election night,97,413865,97%,97% reported,edison,10,unknown,,177474,,,88613,142968,57886,2487,35908,4978,9864,16037,3655,16098,4373,4758,3204,3197,1563,1413,1537,1242,1743,1191,,70622,125413,46769,1699,28985,3539,7751,12847,2548,12670,3113,3502,2483,2077,1067,966,1102,841,1439,841,,2020-11-24T13:26:50Z,13.49714,D+13,Warnock +13,democrat,georgia,2020-12-04T11:16:25.138358Z,,,,
13137,Habersham,20122,16967,7,7,Other,98,20432,98%,98% reported,edison,10,unknown,,14590,,,5371,2133,10319,142,443,237,120,326,149,147,185,67,61,171,62,38,39,49,31,32,,4467,1886,8875,103,351,171,89,275,112,113,130,55,39,117,50,28,28,32,22,24,,2020-11-24T13:26:50Z,24.59,R+25,Collins +25,republican,georgia,2020-12-04T11:16:25.138358Z,,,,
13139,Hall,89495,74332,31,31,None,99,90523,>98%,>98% reported,edison,10,unknown,,42947,,,21965,14889,39470,569,3679,842,819,1826,559,1069,781,552,308,771,291,245,243,211,195,211,,17992,13093,33332,420,2850,614,633,1450,386,821,589,406,229,519,203,166,177,145,155,152,,2020-11-24T13:26:50Z,19.55975,R+20,Collins +20,republican,georgia,2020-12-04T11:16:25.138358Z,,,,
13141,Hancock,4089,3190,10,10,None,98,4165,98%,98% reported,edison,10,unknown,,2875,,,608,2129,476,14,330,18,103,89,15,117,23,44,38,7,12,16,8,8,30,4,,470,1726,376,7,233,11,82,64,6,81,14,34,25,3,8,11,5,4,27,3,,2020-11-24T13:26:43Z,37.19736,D+37,Warnock +37,democrat,georgia,2020-12-04T11:16:25.138358Z,,,,
13143,Haralson,13969,9319,12,12,Merged into voters' home precincts and released with cumulative results,98,14272,98%,98% reported,edison,10,unknown,,6862,,,6533,1200,4488,211,201,218,51,167,299,85,155,34,29,99,43,42,38,50,12,14,0,4296,933,2990,115,156,129,38,121,187,65,90,20,19,59,20,18,20,24,12,7,0,2020-11-24T13:26:43Z,14.63956,R+15,Loeffler +15,republican,georgia,2020-12-04T11:16:25.138358Z,,,,
13145,Harris,19738,12845,12,12,None,99,19991,>98%,>98% reported,edison,10,unknown,,12696,,,7090,3776,6438,156,601,232,141,291,141,196,179,61,67,129,49,42,36,29,48,36,,4266,2894,4075,87,424,132,109,213,82,144,105,40,47,64,30,27,27,11,43,25,,2020-11-24T13:26:43Z,3.30327,R+3,Loeffler +3,republican,georgia,2020-12-04T11:16:25.138358Z,,,,
13147,Hart,12354,9490,7,7,Released as a precinct at the end of tabulation,97,12727,97%,97% reported,edison,10,some,,6811,,,2080,1302,6665,107,598,185,199,340,163,174,154,89,37,61,46,31,34,26,43,20,,1495,1091,5169,76,468,135,160,286,110,128,105,61,29,37,29,20,24,18,37,12,,2020-11-24T13:26:43Z,37.11349,R+37,Collins +37,republican,georgia,2020-12-04T11:16:25.138358Z,,,,
13149,Heard,5247,3454,6,6,Merged into voters' home precincts and released with cumulative results,97,5397,97%,97% reported,edison,10,unknown,,2362,,,2542,592,1515,60,94,86,14,54,75,26,51,17,19,33,14,15,8,14,8,10,0,1600,452,1029,29,65,54,10,40,41,19,35,11,12,20,6,8,6,7,6,4,0,2020-11-24T13:26:43Z,19.57309,R+20,Loeffler +20,republican,georgia,2020-12-04T11:16:25.138358Z,,,,
13151,Henry,121470,104892,37,37,Other,99,122742,>98%,>98% reported,edison,10,unknown,,101421,,,26824,49407,16836,685,10571,986,3290,3063,637,3291,815,1462,800,687,373,307,292,288,416,440,,22425,44884,14408,492,8829,734,2747,2574,465,2755,627,1163,662,490,282,222,227,210,355,341,,2020-11-24T13:26:43Z,18.59142,D+19,Warnock +19,democrat,georgia,2020-12-04T11:16:25.138358Z,,,,
13153,Houston,73818,55560,16,16,Other,99,74823,>98%,>98% reported,edison,10,some,,53598,,,22327,21945,16037,646,4087,828,1436,1502,499,1203,658,475,425,552,208,200,190,167,269,164,,15940,17969,12091,395,3034,543,1079,1099,306,883,402,324,326,321,145,137,130,102,224,110,,2020-11-24T13:26:43Z,0.51749,R+0.52,Loeffler +0.52,republican,georgia,2020-12-04T11:16:25.138358Z,,,,
13155,Irwin,4093,3215,3,3,Released as a precinct as first report of the night,98,4168,98%,98% reported,edison,10,all,,2670,,,1459,606,1435,48,149,51,43,42,51,79,33,13,19,15,6,14,6,13,6,5,,1139,470,1174,38,112,34,27,28,35,63,22,8,13,12,6,11,3,9,6,5,,2020-11-24T13:26:43Z,0.58637,R+0.59,Loeffler +0.59,republican,georgia,2020-12-04T11:16:25.138358Z,,,,
13157,Jackson,37156,31116,4,4,Released as a precinct as first report of the night,99,37670,>98%,>98% reported,edison,10,some,,20045,,,12593,4783,14914,412,1077,458,259,598,317,311,386,161,94,317,98,81,105,76,58,58,,10388,4187,12745,310,900,356,202,486,225,249,283,132,78,212,74,56,80,58,51,44,,2020-11-24T13:26:44Z,6.24664,R+6,Collins +6,republican,georgia,2020-12-04T11:16:25.138358Z,,,,
13159,Jasper,7537,5685,3,3,Released as a precinct as first report of the night,99,7644,>98%,>98% reported,edison,10,unknown,,5181,,,3246,1218,2142,73,220,108,60,91,65,79,62,28,21,37,27,15,16,12,6,11,,2385,1015,1610,47,165,65,50,79,46,62,39,20,20,21,23,11,10,6,5,6,,2020-11-24T13:26:44Z,14.64774,R+15,Loeffler +15,republican,georgia,2020-12-04T11:16:25.138358Z,,,,
13161,Jeff Davis,5603,3983,6,7,Other,97,5771,97%,97% reported,edison,10,some,,3910,,,1719,590,1774,769,192,95,68,55,99,49,50,19,7,26,33,16,8,14,9,11,,1226,449,1298,507,149,60,49,38,55,37,27,10,4,17,20,12,4,8,6,7,,2020-11-24T13:26:44Z,0.98162,R+0.98,Collins +0.98,republican,georgia,2020-12-04T11:16:25.138358Z,,,,
13163,Jefferson,7462,5321,7,8,Merged into voters' home precincts and released with cumulative results,98,7642,98%,98% reported,edison,10,all,,4930,,,1847,2487,1429,40,620,59,184,145,42,205,46,51,32,24,28,14,17,12,175,5,,1239,1907,1051,23,387,33,131,98,20,133,25,36,23,13,21,12,9,8,149,3,,2020-11-24T13:26:44Z,8.57679,D+9,Warnock +9,democrat,georgia,2020-12-04T11:16:25.138358Z,,,,
13165,Jenkins,3366,2500,4,5,Other,97,3455,97%,97% reported,edison,10,unknown,,2806,,,1104,806,849,33,172,41,77,55,34,45,31,11,27,8,14,10,9,6,30,4,,821,632,633,16,117,23,53,37,23,35,22,8,17,3,10,7,7,5,28,3,,2020-11-24T13:26:44Z,7.57576,R+8,Loeffler +8,republican,georgia,2020-12-04T11:16:25.138358Z,,,,
13167,Johnson,3961,2997,3,4,Released as a precinct as first report of the night,97,4100,97%,97% reported,edison,10,unknown,,3190,,,1376,763,1243,35,197,44,43,25,40,72,34,18,10,14,11,12,4,6,10,4,,1025,631,927,20,153,30,35,19,18,53,19,15,7,9,8,9,4,4,8,3,,2020-11-24T13:26:44Z,3.35774,R+3,Loeffler +3,republican,georgia,2020-12-04T11:16:25.138358Z,,,,
13169,Jones,14754,10905,9,10,Merged into voters' home precincts AFTER election night,99,14966,>98%,>98% reported,edison,10,some,,10683,,,5397,3496,3809,132,545,188,184,235,126,143,110,71,60,68,46,37,23,39,34,11,,3745,2919,2767,81,426,112,140,189,81,112,67,50,47,36,30,26,14,26,31,6,,2020-11-24T13:26:44Z,10.76318,R+11,Loeffler +11,republican,georgia,2020-12-04T11:16:25.138358Z,,,,
13171,Lamar,8943,6700,6,6,None,99,9039,>98%,>98% reported,edison,10,all,,6784,,,3243,1994,2585,82,257,112,78,113,86,74,85,30,43,51,25,17,24,12,14,18,,2351,1653,1934,47,192,77,56,80,46,52,57,24,32,28,17,12,19,6,11,6,,2020-11-24T13:26:44Z,7.35771,R+7,Loeffler +7,republican,georgia,2020-12-04T11:16:25.138358Z,,,,
13173,Lanier,3428,2771,1,1,Released separately AFTER election night,96,3576,96%,96% reported,edison,10,unknown,,2618,,,1191,365,944,79,244,92,44,101,51,107,52,21,18,29,22,17,9,14,18,10,,973,326,793,59,187,73,28,77,38,76,32,18,17,19,12,11,5,9,14,4,,2020-11-24T13:26:44Z,7.20537,R+7,Loeffler +7,republican,georgia,2020-12-04T11:16:25.138358Z,,,,
13175,Laurens,22323,14852,16,16,Released as a precinct at the end of tabulation,98,22729,98%,98% reported,edison,10,unknown,,14083,,,6592,5334,6762,174,1335,234,329,304,160,305,215,130,88,76,59,59,36,42,66,23,,3977,4157,4273,99,971,129,230,225,85,210,123,76,68,47,37,35,26,14,51,19,,2020-11-24T13:26:45Z,0.76155,R+0.76,Collins +0.76,republican,georgia,2020-12-04T11:16:25.138358Z,,,,
13177,Lee,16458,12525,9,10,Merged into voters' home precincts and released with cumulative results,98,16714,98%,98% reported,edison,10,none,,10498,,,6365,2970,4675,193,586,248,171,299,128,196,149,80,60,101,47,45,23,47,45,30,,4798,2420,3535,120,445,171,134,236,86,152,105,58,50,57,32,34,17,19,38,18,,2020-11-24T13:26:45Z,10.26856,R+10,Loeffler +10,republican,georgia,2020-12-04T11:16:25.138358Z,,,,
13179,Liberty,20953,17547,13,13,Released as a precinct as first report of the night,98,21389,98%,98% reported,edison,10,unknown,,15842,,,3759,7723,2939,212,2302,260,769,671,192,714,247,307,146,163,89,91,78,94,114,83,,2997,6867,2403,150,1960,189,646,566,124,598,164,243,125,118,65,64,59,57,99,53,,2020-11-24T13:26:45Z,18.91853,D+19,Warnock +19,democrat,georgia,2020-12-04T11:16:25.138358Z,,,,
13181,Lincoln,4561,3398,6,7,Released as a precinct as first report of the night,98,4650,98%,98% reported,edison,10,unknown,,4384,,,1725,803,1246,29,199,40,84,84,39,50,32,24,16,31,8,11,8,10,114,8,0,1211,661,932,15,159,26,67,62,21,32,21,16,14,24,5,9,5,6,107,5,0,2020-11-24T13:26:45Z,10.50208,R+11,Loeffler +11,republican,georgia,2020-12-04T11:16:25.138358Z,,,,
13183,Long,5520,4008,7,7,Released as a precinct as first report of the night,98,5656,98%,98% reported,edison,10,unknown,,2792,,,1708,1233,1250,99,321,107,119,111,95,134,89,40,28,47,37,25,15,22,15,25,,1185,1027,878,60,241,72,88,90,52,102,52,30,22,28,19,17,9,14,8,14,,2020-11-24T13:26:45Z,8.2971,R+8,Loeffler +8,republican,georgia,2020-12-04T11:16:25.138358Z,,,,
13185,Lowndes,45145,36591,13,13,Merged into voters' home precincts and released with cumulative results,97,46355,97%,97% reported,edison,10,unknown,,37909,,,12607,7931,10085,775,4899,790,1514,1524,451,1468,582,679,273,334,221,163,152,170,413,114,,10049,6998,8099,560,4010,564,1241,1237,316,1197,430,526,223,213,161,115,114,118,350,70,,2020-11-24T13:26:45Z,5.58644,R+6,Loeffler +6,republican,georgia,2020-12-04T11:16:25.138358Z,,,,
13187,Lumpkin,15324,12963,1,1,Merged into voters' home precincts and released with cumulative results,99,15531,>98%,>98% reported,edison,10,unknown,,9491,,,4366,2042,7074,115,316,200,57,304,136,65,128,57,44,181,56,30,67,44,18,24,,3597,1885,6026,84,268,148,46,257,103,53,99,44,39,129,44,23,56,30,17,15,,2020-11-24T13:26:45Z,17.67163,R+18,Collins +18,republican,georgia,2020-12-04T11:16:25.138358Z,,,,
13193,Macon,4553,3523,4,5,Other,98,4662,98%,98% reported,edison,10,unknown,,4178,,,823,1987,810,21,396,34,95,118,29,83,26,25,31,12,14,14,6,4,20,5,,664,1559,671,15,262,28,68,85,22,53,12,17,17,7,10,10,3,3,15,2,,2020-11-24T13:26:46Z,25.56556,D+26,Warnock +26,democrat,georgia,2020-12-04T11:16:25.138358Z,,,,
13195,Madison,14674,10432,11,12,Other,98,14937,98%,98% reported,edison,10,some,,8483,,,4808,2284,5756,113,431,166,97,249,119,113,115,59,57,92,40,42,33,41,26,33,,3301,1849,4074,76,305,101,67,186,75,76,62,42,43,48,23,26,19,25,17,17,,2020-11-24T13:26:46Z,6.46041,R+6,Collins +6,republican,georgia,2020-12-04T11:16:25.138358Z,,,,
13197,Marion,3550,2576,4,5,Merged into voters' home precincts AFTER election night,98,3624,98%,98% reported,edison,10,unknown,,2134,,,1078,849,986,37,195,46,44,69,35,41,31,32,16,18,15,16,5,8,23,6,,745,700,676,12,152,26,35,51,19,34,21,25,13,14,8,11,4,5,20,5,,2020-11-24T13:26:46Z,2.59155,R+3,Loeffler +3,republican,georgia,2020-12-04T11:16:25.138358Z,,,,
13189,McDuffie,10307,8870,9,9,Released as a separate subtotal as first report of the night,99,10455,>98%,>98% reported,edison,10,unknown,,8941,,,3503,2387,2260,82,669,116,225,165,82,195,83,68,60,54,37,23,28,22,232,16,,3078,2107,1976,68,526,88,187,120,63,151,57,52,52,39,28,16,22,13,214,13,,2020-11-24T13:26:45Z,10.82759,R+11,Loeffler +11,republican,georgia,2020-12-04T11:16:25.138358Z,,,,
13191,McIntosh,6494,5253,6,6,Merged into voters' home precincts and released with cumulative results,97,6696,97%,97% reported,edison,10,unknown,,6114,,,2117,1545,1494,52,463,74,109,169,93,96,54,51,32,24,34,24,11,18,18,16,,1691,1332,1220,35,365,53,81,135,75,75,34,33,24,16,22,16,7,14,16,9,,2020-11-24T13:26:45Z,8.80813,R+9,Loeffler +9,republican,georgia,2020-12-04T11:16:25.138358Z,,,,
13199,Meriwether,10694,7304,14,14,Released as a precinct as first report of the night,98,10877,98%,98% reported,edison,10,unknown,,5128,,,3255,3018,2664,83,556,133,161,131,90,208,92,54,66,34,44,26,12,25,23,19,,2105,2238,1842,46,369,77,111,80,58,130,55,36,41,19,35,13,6,16,17,10,,2020-11-24T13:26:46Z,2.2162,R+2,Loeffler +2,republican,georgia,2020-12-04T11:16:25.138358Z,,,,
13201,Miller,2643,1974,1,1,Released as a separate subtotal in the middle of the tabulation,93,2835,93%,93% reported,edison,10,unknown,,2251,,,881,271,883,37,179,61,40,64,41,41,37,16,13,12,19,20,6,7,11,4,,640,202,686,23,135,44,31,49,29,33,21,9,10,8,15,16,5,5,10,3,,2020-11-24T13:26:46Z,0.07567,R+0.08,Collins +0.08,republican,georgia,2020-12-04T11:16:25.138358Z,,,,
13205,Mitchell,8810,6443,11,11,Other,98,8963,98%,98% reported,edison,10,unknown,,6909,,,2090,2598,2538,62,603,87,141,164,48,179,51,54,72,20,20,25,14,19,16,9,,1474,2072,1744,40,459,45,109,124,36,140,29,32,54,11,16,18,13,10,12,5,,2020-11-24T13:26:46Z,0.68104,D+0.68,Warnock +0.68,democrat,georgia,2020-12-04T11:16:25.138358Z,,,,
13207,Monroe,15345,11564,14,14,Released as a separate subtotal as first report of the night,98,15592,98%,98% reported,edison,10,unknown,,9966,,,6077,3197,4201,114,423,165,147,227,161,126,105,65,53,94,45,33,30,32,25,25,,4346,2703,3123,73,331,105,115,189,123,99,69,48,40,60,32,26,20,22,20,20,,2020-11-24T13:26:46Z,12.22548,R+12,Loeffler +12,republican,georgia,2020-12-04T11:16:25.138358Z,,,,
13209,Montgomery,3838,2503,6,7,"As a subtotal in the FIRST cumulative report, along with regular precincts",97,3966,97%,97% reported,edison,10,all,,2408,,,1332,582,1266,106,177,60,45,51,46,44,34,17,11,14,13,16,9,7,5,3,,845,441,808,58,116,39,32,37,24,29,17,11,8,7,6,10,6,3,5,1,,2020-11-24T13:26:46Z,1.71965,R+1.7,Loeffler +1.7,republican,georgia,2020-12-04T11:16:25.138358Z,,,,
13211,Morgan,11565,9178,7,7,Merged into voters' home precincts and released with cumulative results,99,11707,>98%,>98% reported,edison,10,all,,7670,,,4360,2392,3502,78,371,96,79,166,66,107,75,43,46,57,30,18,18,22,18,21,,3351,2089,2776,58,293,60,59,128,33,83,49,36,35,36,25,11,12,11,17,16,,2020-11-24T13:26:47Z,7.41894,R+7,Loeffler +7,republican,georgia,2020-12-04T11:16:25.138358Z,,,,
13213,Murray,14731,10480,6,7,Merged into voters' home precincts and released with cumulative results,96,15389,96%,96% reported,edison,10,all,,6982,,,6300,765,4793,257,538,407,107,354,253,125,263,72,53,112,86,59,49,76,42,20,,4416,628,3456,174,397,267,79,264,155,93,177,43,41,88,52,33,33,42,33,9,,2020-11-24T13:26:47Z,10.23013,R+10,Loeffler +10,republican,georgia,2020-12-04T11:16:25.138358Z,,,,
13215,Muscogee,79348,66079,24,25,Merged into voters' home precincts and released with cumulative results,99,80543,>98%,>98% reported,edison,10,unknown,,59253,,,15307,32560,12544,422,6577,597,2004,2432,391,2048,539,900,631,488,310,256,226,206,677,233,,12200,28927,10037,272,5309,413,1606,2002,265,1669,389,692,492,315,235,195,176,142,571,172,,2020-11-24T13:26:47Z,21.74346,D+22,Warnock +22,democrat,georgia,2020-12-04T11:16:25.138358Z,,,,
13217,Newton,53572,35820,22,22,None,99,54239,>98%,>98% reported,edison,10,unknown,,40739,,,13443,20450,8222,321,4116,442,1348,1076,345,1429,365,501,352,310,177,136,125,103,179,132,,7252,16350,4715,153,2893,235,946,733,148,1000,182,312,235,141,95,80,73,52,142,83,,2020-11-24T13:26:47Z,13.07959,D+13,Warnock +13,democrat,georgia,2020-12-04T11:16:25.138358Z,,,,
13219,Oconee,24909,21432,12,12,Merged into voters' home precincts and released with cumulative results,99,25168,>98%,>98% reported,edison,10,unknown,,16322,,,9914,5448,6165,174,797,233,149,603,159,246,202,89,128,258,62,40,66,56,70,50,,8362,5011,5225,124,714,184,128,532,125,212,162,77,120,177,42,30,54,46,67,40,,2020-11-24T13:26:47Z,15.05078,R+15,Loeffler +15,republican,georgia,2020-12-04T11:16:25.138358Z,,,,
13221,Oglethorpe,7970,6502,3,3,Merged into voters' home precincts and released with cumulative results,98,8131,98%,98% reported,edison,10,some,,4622,,,2901,1720,2176,103,279,109,61,132,68,94,75,31,28,74,27,16,16,20,20,20,,2360,1430,1809,74,225,80,41,108,48,72,52,28,23,59,23,9,11,15,18,17,,2020-11-24T13:26:47Z,9.09661,R+9,Loeffler +9,republican,georgia,2020-12-04T11:16:25.138358Z,,,,
13223,Paulding,83986,70392,19,19,Released as a precinct as first report of the night,98,85385,98%,98% reported,edison,10,unknown,,61685,,,30597,19118,18444,931,4234,1215,1338,1750,762,1424,1024,604,375,759,305,222,252,247,181,204,,25349,17047,15497,694,3544,891,1105,1411,546,1171,760,454,321,517,230,170,191,184,156,154,,2020-11-24T13:26:47Z,13.66775,R+14,Loeffler +14,republican,georgia,2020-12-04T11:16:25.138358Z,,,,
13225,Peach,12352,10573,6,7,Other,98,12545,98%,98% reported,edison,10,some,,12557,,,3358,4032,2629,83,779,131,243,235,77,244,86,87,85,78,39,37,23,24,58,24,,2834,3527,2331,65,631,105,201,196,58,206,68,70,65,59,30,25,17,16,53,16,,2020-11-24T13:26:47Z,5.45661,D+5,Warnock +5,democrat,georgia,2020-12-04T11:16:25.138358Z,,,,
13227,Pickens,16836,10221,11,12,"As a precinct in the FIRST cumulative report, along with regular precincts",98,17116,98%,98% reported,edison,10,unknown,,10978,,,6003,2076,7185,132,219,220,48,190,137,70,147,47,31,127,39,34,40,46,17,28,,3345,1620,4364,59,151,117,37,133,68,48,72,31,25,51,22,10,20,30,12,6,,2020-11-24T13:26:48Z,7.02067,R+7,Collins +7,republican,georgia,2020-12-04T11:16:25.138358Z,,,,
13229,Pierce,8786,7482,8,8,Released as a separate subtotal as first report of the night,97,9048,97%,97% reported,edison,10,some,,6190,,,2821,478,4034,308,195,193,68,121,147,68,122,37,14,50,28,32,14,36,10,10,,2455,433,3411,259,172,151,61,113,108,53,98,31,9,35,23,22,11,24,6,7,,2020-11-24T13:26:48Z,13.80606,R+14,Collins +14,republican,georgia,2020-12-04T11:16:25.138358Z,,,,
13231,Pike,10576,7965,8,8,Released as a precinct at the end of tabulation,99,10720,>98%,>98% reported,edison,10,some,,7038,,,4965,1118,3532,86,140,153,39,86,137,39,76,26,14,52,24,23,21,17,14,14,,3710,918,2683,59,95,96,29,65,89,34,56,18,11,29,15,15,15,9,9,10,,2020-11-24T13:26:48Z,13.54955,R+14,Loeffler +14,republican,georgia,2020-12-04T11:16:25.138358Z,,,,
13233,Polk,17018,13579,7,7,Released as a precinct as first report of the night,98,17399,98%,98% reported,edison,10,unknown,,13243,,,6942,2331,5230,207,478,291,165,300,199,163,206,84,52,100,58,53,37,66,34,22,,5540,1974,4214,148,384,193,130,228,134,123,146,64,45,65,41,37,27,45,27,14,,2020-11-24T13:26:48Z,10.05994,R+10,Loeffler +10,republican,georgia,2020-12-04T11:16:25.138358Z,,,,
13235,Pulaski,3979,3484,1,1,None,98,4059,98%,98% reported,edison,10,some,,3709,,,1480,815,1137,32,182,45,42,50,31,52,17,20,14,14,13,11,5,5,8,6,,1290,724,1034,24,150,36,33,42,19,42,15,15,12,10,11,7,4,4,7,5,,2020-11-24T13:26:48Z,8.62026,R+9,Loeffler +9,republican,georgia,2020-12-04T11:16:25.138358Z,,,,
13237,Putnam,11694,9482,5,5,"As a precinct in the FIRST cumulative report, along with regular precincts",99,11855,>98%,>98% reported,edison,10,unknown,,8776,,,4208,2445,3594,61,408,152,101,157,84,92,92,53,53,48,30,29,15,28,24,20,0,3385,2084,2947,38,319,121,81,121,56,71,56,37,34,32,18,20,8,20,19,15,0,2020-11-24T13:26:48Z,5.25056,R+5,Loeffler +5,republican,georgia,2020-12-04T11:16:25.138358Z,,,,
13239,Quitman,1077,767,2,2,None,97,1106,97%,97% reported,edison,10,unknown,,990,,,285,283,262,8,85,15,18,27,11,21,7,23,7,1,2,3,2,6,8,3,,202,205,213,6,49,10,11,18,6,12,4,10,3,0,0,3,2,3,8,2,,2020-11-24T13:26:48Z,0.1857,R+0.19,Loeffler +0.19,republican,georgia,2020-12-04T11:16:25.138358Z,,,,
13241,Rabun,9386,8005,1,1,Released as a precinct at the end of tabulation,98,9568,98%,98% reported,edison,10,unknown,,9325,,,2475,1223,4576,69,191,102,42,207,74,53,86,41,21,71,39,28,30,15,26,17,,2075,1132,3927,45,161,78,34,177,51,43,64,35,16,49,30,19,26,10,22,11,,2020-11-24T13:26:48Z,22.3844,R+22,Collins +22,republican,georgia,2020-12-04T11:16:25.138358Z,,,,
13243,Randolph,3022,2303,5,6,Other,98,3074,98%,98% reported,edison,10,all,,2326,,,706,1179,580,10,249,29,38,37,16,62,15,38,10,5,9,12,5,12,10,0,,562,918,451,5,163,17,27,27,13,47,9,22,7,4,6,9,2,7,7,0,,2020-11-24T13:26:49Z,15.65189,D+16,Warnock +16,democrat,georgia,2020-12-04T11:16:25.138358Z,,,,
13245,Richmond,85744,65018,60,68,None,99,87016,>98%,>98% reported,edison,10,some,,59720,,,15394,34331,9076,396,7479,566,2709,2086,453,2386,595,1030,775,505,312,272,271,243,6624,241,,10631,28316,6362,236,5293,326,1955,1449,262,1674,339,666,543,284,195,208,197,166,5759,157,,2020-11-24T13:26:49Z,22.08551,D+22,Warnock +22,democrat,georgia,2020-12-04T11:16:25.138358Z,,,,
13247,Rockdale,44212,38048,16,16,Released as a precinct as first report of the night,99,44686,>98%,>98% reported,edison,10,unknown,,42981,,,7323,21942,4412,196,4103,247,1274,1052,155,1395,236,551,360,208,127,118,109,102,188,114,,5948,19915,3661,133,3424,189,1046,852,112,1152,179,422,282,144,95,89,90,62,170,83,,2020-11-24T13:26:49Z,33.06568,D+33,Warnock +33,democrat,georgia,2020-12-04T11:16:25.138358Z,,,,
13249,Schley,2226,1863,1,1,Released as a precinct as first report of the night,98,2275,98%,98% reported,edison,10,unknown,,1795,,,774,315,863,29,66,34,11,17,25,16,30,13,0,9,5,3,3,10,2,1,,647,271,725,21,57,29,9,13,21,13,24,11,0,6,2,3,2,7,2,0,,2020-11-24T13:26:49Z,3.9982,R+4,Collins +4,republican,georgia,2020-12-04T11:16:25.138358Z,,,,
13251,Screven,6457,4599,12,12,Other,97,6628,97%,97% reported,edison,10,unknown,,4550,,,2078,1685,1475,55,422,88,113,128,66,129,47,35,25,27,18,13,10,15,21,7,,1430,1312,1009,29,309,55,77,92,43,94,27,26,19,19,15,7,7,7,17,5,,2020-11-24T13:26:49Z,6.08642,R+6,Loeffler +6,republican,georgia,2020-12-04T11:16:25.138358Z,,,,
13253,Seminole,3743,2535,4,5,Other,96,3884,96%,96% reported,edison,10,some,,2571,,,1021,419,1263,48,345,96,80,108,49,84,50,37,38,14,25,19,8,12,18,9,,619,354,833,23,245,70,57,79,35,59,34,26,30,7,16,12,5,9,15,7,,2020-11-24T13:26:49Z,6.4654,R+6,Collins +6,republican,georgia,2020-12-04T11:16:25.138358Z,,,,
13255,Spalding,29713,21033,16,18,None,99,30116,>98%,>98% reported,edison,10,all,,23630,,,9759,8543,6858,211,1338,330,470,431,217,453,244,196,109,182,97,69,51,50,53,52,,6627,6697,4910,114,883,192,294,284,114,301,138,117,65,71,56,34,33,29,42,32,,2020-11-24T13:26:49Z,4.09248,R+4,Loeffler +4,republican,georgia,2020-12-04T11:16:25.138358Z,,,,
13257,Stephens,11638,10112,1,1,Released as a separate subtotal as first report of the night,98,11885,98%,98% reported,edison,10,unknown,,9197,,,2126,1144,6652,103,391,182,127,222,102,99,147,54,31,85,39,31,34,21,25,23,,1827,1008,5889,74,337,148,103,192,76,81,114,41,27,60,33,26,25,13,22,16,,2020-11-24T13:26:49Z,38.88984,R+39,Collins +39,republican,georgia,2020-12-04T11:16:25.138358Z,,,,
13259,Stewart,1906,1401,3,4,None,96,1990,96%,96% reported,edison,10,unknown,,1402,,,327,764,390,6,183,20,37,64,7,31,5,22,13,5,2,5,2,10,8,5,,228,603,295,4,122,13,23,35,6,22,2,15,11,2,1,3,2,7,4,3,,2020-11-24T13:26:49Z,19.62225,D+20,Warnock +20,democrat,georgia,2020-12-04T11:16:25.138358Z,,,,
13261,Sumter,11978,9297,11,11,Merged into voters' home precincts and released with cumulative results,99,12150,>98%,>98% reported,edison,10,some,,10757,,,2553,4474,2735,78,808,88,190,270,74,240,94,71,58,36,17,50,23,49,57,13,,1896,3759,2025,50,600,64,141,211,41,176,65,54,39,17,14,38,17,36,46,8,,2020-11-24T13:26:50Z,14.51828,D+15,Warnock +15,democrat,georgia,2020-12-04T11:16:25.138358Z,,,,
13263,Talbot,3452,2455,7,7,Merged into voters' home precincts and released with cumulative results,98,3522,98%,98% reported,edison,10,unknown,,2304,,,677,1531,621,16,215,22,60,50,26,84,18,29,27,14,16,5,11,7,20,3,,451,1183,429,9,136,11,37,30,16,62,10,18,17,8,8,4,4,5,15,2,,2020-11-24T13:26:50Z,24.73928,D+25,Warnock +25,democrat,georgia,2020-12-04T11:16:25.138358Z,,,,
13265,Taliaferro,884,690,2,2,None,95,928,95%,95% reported,edison,10,unknown,,946,,,178,343,150,2,112,8,18,16,6,12,5,11,4,0,3,4,2,4,5,1,,130,286,112,2,86,6,15,13,5,9,3,6,3,0,3,2,2,2,4,1,,2020-11-24T13:26:50Z,18.66516,D+19,Warnock +19,democrat,georgia,2020-12-04T11:16:25.138358Z,,,,
13267,Tattnall,7937,6025,8,8,Other,97,8183,97%,97% reported,edison,10,unknown,,5459,,,3047,1200,2332,160,328,129,98,130,95,102,73,36,23,41,43,26,20,23,18,13,,2264,982,1812,110,237,89,73,98,62,68,58,28,18,21,32,16,15,16,17,9,,2020-11-24T13:26:50Z,9.00844,R+9,Loeffler +9,republican,georgia,2020-12-04T11:16:25.138358Z,,,,
13269,Taylor,3769,3129,3,3,Released as a separate subtotal as first report of the night,98,3839,98%,98% reported,edison,10,unknown,,2794,,,1173,962,1050,34,209,50,37,50,42,41,20,13,20,13,10,13,6,7,12,7,,1011,767,903,23,157,45,28,35,34,34,15,10,12,11,8,8,6,4,11,7,,2020-11-24T13:26:50Z,3.26347,R+3,Loeffler +3,republican,georgia,2020-12-04T11:16:25.138358Z,,,,
13271,Telfair,4189,2951,5,6,None,97,4333,97%,97% reported,edison,10,unknown,,2662,,,1187,1003,1293,93,200,44,40,62,42,110,31,19,15,8,13,10,4,9,3,3,,780,794,906,48,133,24,33,47,22,96,17,13,10,3,10,5,3,3,2,2,,2020-11-24T13:26:50Z,2.53044,R+3,Collins +3,republican,georgia,2020-12-04T11:16:25.138358Z,,,,
13273,Terrell,4348,3120,5,6,Merged into voters' home precincts and released with cumulative results,98,4416,98%,98% reported,edison,10,unknown,,3389,,,1058,1508,824,27,384,39,71,93,32,117,20,42,42,18,11,13,14,14,17,4,,708,1213,569,11,252,26,46,63,16,86,9,30,29,9,8,11,11,8,13,2,,2020-11-24T13:26:50Z,10.34959,D+10,Warnock +10,democrat,georgia,2020-12-04T11:16:25.138358Z,,,,
13275,Thomas,21253,17131,20,20,None,97,21853,97%,97% reported,edison,10,unknown,,17408,,,5725,3809,5759,293,1953,418,557,692,277,567,282,229,111,109,120,78,59,69,112,34,,4567,3216,4615,211,1582,335,449,583,209,460,210,177,88,67,82,61,41,51,102,25,,2020-11-24T13:26:50Z,0.15998,R+0.16,Collins +0.16,republican,georgia,2020-12-04T11:16:25.138358Z,,,,
13277,Tift,15987,12152,11,12,Released as a precinct as first report of the night,98,16283,98%,98% reported,edison,10,all,,12083,,,5603,3284,4473,147,713,176,200,289,136,359,113,100,79,89,67,36,30,42,34,17,,4194,2622,3431,101,513,111,163,214,86,272,75,70,61,60,60,24,23,32,30,10,,2020-11-24T13:26:50Z,7.06824,R+7,Loeffler +7,republican,georgia,2020-12-04T11:16:25.138358Z,,,,
13279,Toombs,10651,8288,5,5,Released as a precinct as first report of the night,98,10914,98%,98% reported,edison,10,unknown,,6590,,,3456,1760,3503,315,456,159,116,175,139,183,102,40,33,53,43,41,18,21,21,17,,2701,1446,2796,202,343,100,92,140,85,133,64,25,24,23,29,30,15,12,17,11,,2020-11-24T13:26:51Z,0.44127,R+0.44,Collins +0.44,republican,georgia,2020-12-04T11:16:25.138358Z,,,,
13281,Towns,7847,6737,3,3,None,98,7979,98%,98% reported,edison,10,unknown,,7256,,,2036,1017,3999,45,168,80,27,163,48,43,60,31,17,29,23,16,10,16,12,7,,1738,943,3406,27,148,64,23,146,32,41,44,27,15,20,19,7,8,12,11,6,,2020-11-24T13:26:51Z,25.01593,R+25,Collins +25,republican,georgia,2020-12-04T11:16:25.138358Z,,,,
13283,Treutlen,2965,2434,2,2,Released with cumulative results periodically election night,96,3077,96%,96% reported,edison,10,unknown,,2098,,,965,551,917,38,173,50,43,51,30,46,24,11,10,9,20,10,7,3,4,3,,767,483,761,28,150,35,39,41,19,40,18,7,7,4,15,10,4,2,2,2,,2020-11-24T13:26:51Z,1.61889,R+1.6,Loeffler +1.6,republican,georgia,2020-12-04T11:16:25.138358Z,,,,
13285,Troup,29538,22009,14,14,None,98,30059,98%,98% reported,edison,10,unknown,,20235,,,9163,7472,7383,256,1749,376,427,616,259,581,332,183,144,156,106,78,66,63,72,56,0,6831,5810,5655,167,1218,254,286,430,147,403,205,122,99,94,65,52,49,31,60,31,0,2020-11-24T13:26:51Z,5.72483,R+6,Loeffler +6,republican,georgia,2020-12-04T11:16:25.138358Z,,,,
13287,Turner,3717,3016,3,3,None,98,3792,98%,98% reported,edison,10,all,,3227,,,1310,866,856,36,198,37,59,65,31,93,24,30,25,25,16,15,4,15,10,2,,1113,687,721,27,130,31,42,50,20,73,22,19,19,13,14,7,3,13,10,2,,2020-11-24T13:26:51Z,11.94512,R+12,Loeffler +12,republican,georgia,2020-12-04T11:16:25.138358Z,,,,
13289,Twiggs,4344,3083,4,5,Released as a precinct as first report of the night,98,4444,98%,98% reported,edison,10,unknown,,2886,,,1271,1508,909,31,211,39,68,64,34,62,20,32,30,17,13,14,4,5,9,3,,806,1212,618,22,150,24,43,44,17,46,11,25,24,7,9,10,2,2,9,2,,2020-11-24T13:26:51Z,5.4558,D+5,Warnock +5,democrat,georgia,2020-12-04T11:16:25.138358Z,,,,
13291,Union,15362,11675,11,11,Merged into voters' home precincts AFTER election night,99,15592,>98%,>98% reported,edison,10,all,,11110,,,3945,1904,8100,96,286,160,47,240,91,61,105,49,42,72,33,24,32,17,35,23,,2936,1708,5951,54,250,111,36,199,62,48,72,37,37,45,25,17,27,13,31,16,,2020-11-24T13:26:51Z,27.04726,R+27,Collins +27,republican,georgia,2020-12-04T11:16:25.138358Z,,,,
13293,Upson,12723,10714,4,4,None,99,12905,>98%,>98% reported,edison,10,unknown,,9845,,,4239,3079,3639,110,458,175,174,168,97,135,115,66,40,70,30,35,23,29,26,15,,3602,2666,3120,90,347,118,132,130,71,108,88,53,33,44,22,26,16,20,20,8,,2020-11-24T13:25:52Z,4.71587,R+5,Loeffler +5,republican,georgia,2020-12-04T11:16:25.138358Z,,,,
13295,Walker,28536,22256,10,11,Released as a precinct as first report of the night,97,29436,97%,97% reported,edison,10,some,,18011,,,12258,2113,7704,633,1022,789,299,928,529,261,580,182,144,295,144,112,105,211,153,74,,9580,1799,6024,467,851,583,242,743,364,201,394,137,119,178,92,70,76,153,135,48,,2020-11-24T13:25:36Z,15.95879,R+16,Loeffler +16,republican,georgia,2020-12-04T11:16:25.138358Z,,,,
13297,Walton,50408,38995,21,21,Other,99,50812,>98%,>98% reported,edison,10,unknown,,26750,,,22813,8443,12381,430,1722,618,494,667,430,535,446,219,189,417,150,97,93,115,67,82,,17178,7149,9689,301,1336,446,379,534,278,426,292,161,158,248,98,67,59,79,58,59,,2020-11-24T13:25:52Z,20.69513,R+21,Loeffler +21,republican,georgia,2020-12-04T11:16:25.138358Z,,,,
13299,Ware,13748,10761,12,12,Other,96,14296,96%,96% reported,edison,10,all,,9136,,,3295,1748,5305,322,929,281,362,321,169,348,158,117,64,72,64,44,29,39,54,27,0,2483,1588,3995,229,799,204,293,262,109,298,117,95,61,32,48,30,23,28,46,21,0,2020-11-24T13:25:39Z,14.62031,R+15,Collins +15,republican,georgia,2020-12-04T11:16:25.138358Z,,,,
13301,Warren,2584,2129,1,1,Other,96,2681,96%,96% reported,edison,10,unknown,,1914,,,631,817,445,8,246,19,72,63,16,88,13,22,18,8,10,11,6,3,83,5,0,528,678,382,7,179,17,57,48,14,68,13,17,12,6,8,9,4,1,78,3,0,2020-11-24T13:25:40Z,7.19814,D+7,Warnock +7,democrat,georgia,2020-12-04T11:16:25.138358Z,,,,
13303,Washington,9197,6675,8,8,None,97,9459,97%,97% reported,edison,10,unknown,,6994,,,2376,3046,1911,43,754,63,178,143,62,271,68,50,55,18,18,23,25,25,56,12,,1613,2387,1360,21,561,36,132,106,33,190,45,38,40,8,10,14,18,15,42,6,,2020-11-24T13:25:53Z,7.28498,D+7,Warnock +7,democrat,georgia,2020-12-04T11:16:25.138358Z,,,,
13305,Wayne,12473,9562,11,12,None,98,12778,98%,98% reported,edison,10,all,,8427,,,4791,1660,4015,265,378,225,146,171,238,110,146,56,54,60,36,31,23,26,15,27,,3594,1391,3089,190,313,168,111,131,152,88,104,45,40,37,27,20,16,16,12,18,,2020-11-24T13:25:53Z,6.22144,R+6,Loeffler +6,republican,georgia,2020-12-04T11:16:25.138358Z,,,,
13307,Webster,1359,1082,1,1,Released as a precinct as first report of the night,98,1390,98%,98% reported,edison,10,unknown,,994,,,324,443,362,8,86,7,18,25,7,29,9,10,10,1,2,2,2,8,6,0,0,264,348,300,6,64,4,13,19,4,26,6,5,8,0,1,0,2,6,6,0,0,2020-11-24T13:25:53Z,5.96026,D+6,Warnock +6,democrat,georgia,2020-12-04T11:16:25.138358Z,,,,
13309,Wheeler,2228,1608,2,2,None,98,2285,98%,98% reported,edison,10,unknown,,293,,,688,460,694,51,98,46,17,31,34,34,18,12,7,7,8,7,5,5,6,0,,490,339,520,40,65,37,13,22,17,21,8,7,5,4,6,5,3,2,4,0,,2020-11-24T13:25:45Z,0.2693,R+0.27,Collins +0.27,republican,georgia,2020-12-04T11:16:25.138358Z,,,,
13311,White,14646,10785,11,11,Released as a precinct at the end of tabulation,99,14816,>98%,>98% reported,edison,10,all,,8221,,,4033,1604,7571,95,260,152,50,209,114,61,153,33,35,114,40,26,29,27,12,28,,2885,1365,5520,57,205,95,41,168,78,47,89,28,25,66,29,17,22,18,10,20,,2020-11-24T13:25:54Z,24.15677,R+24,Collins +24,republican,georgia,2020-12-04T11:16:25.138358Z,,,,
13313,Whitfield,35593,23962,23,23,None,97,36746,97%,97% reported,edison,10,unknown,,18126,,,12905,3876,9455,500,2429,766,552,1314,555,661,657,356,256,328,176,181,160,184,178,104,,8436,2981,6326,296,1721,459,393,938,338,453,389,246,177,180,116,93,107,109,144,60,,2020-11-24T13:25:54Z,9.69292,R+10,Loeffler +10,republican,georgia,2020-12-04T11:16:25.138358Z,,,,
13315,Wilcox,3218,2204,6,6,None,98,3281,98%,98% reported,edison,10,unknown,,2054,,,1155,538,1051,47,122,31,31,48,22,70,21,13,17,10,12,14,5,8,1,2,0,799,365,751,33,78,19,21,28,8,34,14,10,11,6,8,10,3,5,1,0,0,2020-11-24T13:25:55Z,3.23182,R+3,Loeffler +3,republican,georgia,2020-12-04T11:16:25.138358Z,,,,
13317,Wilkes,4905,3707,6,7,None,98,5029,98%,98% reported,edison,10,unknown,,3725,,,1493,1257,1131,19,386,63,106,101,38,94,42,45,24,18,11,12,9,13,38,5,0,1120,1005,868,12,267,47,84,70,24,69,25,30,15,9,7,6,5,8,32,4,0,2020-11-24T13:25:55Z,4.81142,R+5,Loeffler +5,republican,georgia,2020-12-04T11:16:25.138358Z,,,,
13319,Wilkinson,4689,2869,9,9,Released as a separate subtotal as first report of the night,98,4770,98%,98% reported,edison,10,unknown,,2746,,,1407,1539,1057,29,228,54,88,57,27,52,16,36,28,14,14,16,10,12,3,2,0,732,1153,547,14,162,21,64,34,8,37,9,25,20,9,7,11,6,7,2,1,0,2020-11-24T13:25:55Z,2.8151,D+3,Warnock +3,democrat,georgia,2020-12-04T11:16:25.138358Z,,,,
13321,Worth,9129,5802,15,15,None,98,9286,98%,98% reported,edison,10,unknown,,5098,,,3541,1589,2774,77,315,126,72,102,88,146,65,50,32,31,27,33,15,14,17,15,0,2066,1226,1720,39,217,75,45,72,41,102,48,31,26,19,18,20,10,6,13,8,0,2020-11-24T13:25:49Z,8.4018,R+8,Loeffler +8,republican,georgia,2020-12-04T11:16:25.138358Z,,,,
04001,Apache,35124,24039,44,44,Released as a separate subtotal as first report of the night,100,35172,>98%,>98% reported,edison,10,all,,14686,,,,,,,,,,,,,,,,,,,,,,,22,,,,,,,,,,,,,,,,,,,,,0,2020-11-30T21:17:04Z,37.00604,D+37,Kelly +37,democrat,arizona,2020-12-04T11:16:28.665928Z,24050,11052,17022,7017
04003,Cochise,60086,48105,49,49,Released as a separate subtotal as first report of the night,99,60442,>98%,>98% reported,edison,10,all,,40322,,,,,,,,,,,,,,,,,,,,,,,29,,,,,,,,,,,,,,,,,,,,,0,2020-11-30T21:18:23Z,17.26026,R+17,McSally +17,republican,arizona,2020-12-04T11:16:28.665928Z,24843,35214,22401,25704
04005,Coconino,72845,60521,71,71,Released as a separate subtotal as first report of the night,99,73272,>98%,>98% reported,edison,10,all,,37503,,,,,,,,,,,,,,,,,,,,,,,29,,,,,,,,,,,,,,,,,,,,,0,2020-11-30T21:16:43Z,25.13007,D+25,Kelly +25,democrat,arizona,2020-12-04T11:16:28.665928Z,45561,27255,39898,20623
04007,Gila,27548,22673,39,39,Released as a separate subtotal as first report of the night,100,27662,>98%,>98% reported,edison,10,all,,22311,,,,,,,,,,,,,,,,,,,,,,,11,,,,,,,,,,,,,,,,,,,,,0,2020-11-30T21:19:20Z,29.91506,R+30,McSally +30,republican,arizona,2020-12-04T11:16:28.665928Z,9648,17889,8031,14642
04009,Graham,14813,10243,22,22,Released separately AFTER election night,99,14996,>98%,>98% reported,edison,10,all,,9380,,,,,,,,,,,,,,,,,,,,,,,4,,,,,,,,,,,,,,,,,,,,,0,2020-11-30T21:16:28Z,39.13454,R+39,McSally +39,republican,arizona,2020-12-04T11:16:28.665928Z,4506,10303,3237,7006
04011,Greenlee,3630,2572,8,8,Released as a separate subtotal as first report of the night,98,3688,98%,98% reported,edison,10,all,,2450,,,,,,,,,,,,,,,,,,,,,,,2,,,,,,,,,,,,,,,,,,,,,0,2020-11-30T21:16:19Z,22.64463,R+23,McSally +23,republican,arizona,2020-12-04T11:16:28.665928Z,1403,2225,1150,1422
04012,La Paz,7329,4417,11,11,Merged into voters' home precincts and released with cumulative results,98,7460,98%,98% reported,edison,10,all,,3932,,,,,,,,,,,,,,,,,,,,,,,2,,,,,,,,,,,,,,,,,,,,,0,2020-11-30T21:49:29Z,31.96889,R+32,McSally +32,republican,arizona,2020-12-04T11:16:28.665928Z,2492,4835,1652,2765
04013,Maricopa,2049297,1880052,743,743,Released as a separate subtotal as first report of the night,99,2068144,>98%,>98% reported,edison,10,all,,1489023,,,,,,,,,,,,,,,,,,,,,,,698,,,,,,,,,,,,,,,,,,,,,0,2020-11-30T21:24:06Z,3.9132,D+4,Kelly +4,democrat,arizona,2020-12-04T11:16:28.665928Z,1064396,984203,998951,881101
04015,Mohave,102822,78278,24,24,Released as a separate subtotal as first report of the night,98,104705,98%,98% reported,edison,10,all,,66610,,,,,,,,,,,,,,,,,,,,,,,49,,,,,,,,,,,,,,,,,,,,,0,2020-11-30T21:19:58Z,46.62913,R+47,McSally +47,republican,arizona,2020-12-04T11:16:28.665928Z,27414,75359,23639,54639
04017,Navajo,51369,35944,14,14,Merged into voters' home precincts and released with cumulative results,99,51783,>98%,>98% reported,edison,10,all,,28592,,,,,,,,,,,,,,,,,,,,,,,21,,,,,,,,,,,,,,,,,,,,,0,2020-11-30T21:15:44Z,4.97576,R+5,McSally +5,republican,arizona,2020-12-04T11:16:28.665928Z,24396,26952,17602,18342
04019,Pima,516631,451498,249,249,Released as a separate subtotal as first report of the night,99,520735,>98%,>98% reported,edison,10,all,,406810,,,,,,,,,,,,,,,,,,,,,,,172,,,,,,,,,,,,,,,,,,,,,0,2020-11-30T21:18:28Z,19.70943,D+20,Kelly +20,democrat,arizona,2020-12-04T11:16:28.665928Z,309142,207317,285349,166149
04021,Pinal,183238,146207,102,102,Released as a separate subtotal as first report of the night,99,185037,>98%,>98% reported,edison,10,all,,88536,,,,,,,,,,,,,,,,,,,,,,,76,,,,,,,,,,,,,,,,,,,,,0,2020-11-30T21:20:07Z,13.60744,R+14,McSally +14,republican,arizona,2020-12-04T11:16:28.665928Z,79114,104048,68096,78111
04023,Santa Cruz,19376,15521,24,24,Released as a separate subtotal as first report of the night,99,19561,>98%,>98% reported,edison,10,all,,11041,,,,,,,,,,,,,,,,,,,,,,,2,,,,,,,,,,,,,,,,,,,,,0,2020-11-30T21:14:45Z,41.30884,D+41,Kelly +41,democrat,arizona,2020-12-04T11:16:28.665928Z,13689,5685,11401,4120
04025,Yavapai,142089,124097,45,45,Released as a separate subtotal as first report of the night,99,143280,>98%,>98% reported,edison,10,all,,100553,,,,,,,,,,,,,,,,,,,,,,,57,,,,,,,,,,,,,,,,,,,,,0,2020-11-30T21:20:18Z,26.97464,R+27,McSally +27,republican,arizona,2020-12-04T11:16:28.665928Z,51852,90180,48715,75382
04027,Yuma,69120,58678,44,44,Released as a separate subtotal as first report of the night,99,69926,>98%,>98% reported,edison,10,all,,37798,,,,,,,,,,,,,,,,,,,,,,,15,,,,,,,,,,,,,,,,,,,,,0,2020-11-30T21:20:25Z,1.71152,R+1.7,McSally +1.7,republican,arizona,2020-12-04T11:16:28.665928Z,33961,35144,29550,29128
